*8da08dd0ea000890015c004d0ad1;
*8da08dd099105903b01804dbf9a6;
*02e615b9d185fa;
*5da593a0fc0307;
*5da3db5ed9ee1a;
*8da08dd0590de332afd4bc598660;
*8da3db5e990d9c0a7804921be9f4;
*8da593a0f8210002004ab82adf80;
*8da593a0581386b4b25b7fb3070d;
*8da593a0ea05f890015c080df81d;
*8da593a0990c8703280c02676544;
*8da08dd099105a03980405a24edc;
*8da08dd0590de6beac5e48de4e35;
*02618238d4631c;
*8da08dd0e1100800000000ffd123;
*8D4840D6242CC371C32CE0576098;
*8D485020994409940838175B284F;
*8DA05F219B06B6AF189400CBC33F;
*8C4841753AAB238733C8CD4020B1;
*8C4841753A8A35323FAEBDAC702D;
*8DA05F219B06B6AF189400CBC33F;*8DA05F219B06B6AF189400CBC33F;
~~a;lfdjafjkdl48940;;ofdake8????
*0000000000000000000000000000;
8D40621D58C382D690C8AC2863A7
8D40621D58C386435CC412692AD6
a
Remington Brandenburger

end